firstname,middleInitial,lastname,username,email,streetaddress,city,zipcode,state,country,department,password,telephone,jobtitle,company,ou
Joshua,L,Lynch,JLynch,JLynch@cyber.com,2748 Liberty Street,Dallas,75202,TX,United States,Sales,Newpass0,214-800-4820,sales representative,cyber,"OU=Sales,OU=Cyber,DC=cyber,DC=local"
Sam,A,smith,ssmith,ssmith@cyber.com,2749 Liberty Street,Dallas,75202,TX,United States,Sales,Newpass0,214-800-4821,sales representative,cyber,"OU=Sales,OU=Cyber,DC=cyber,DC=local"
adam,A,levi,alevi,alevi@cyber.com,2750 Liberty Street,Dallas,75203,TX,United States,Sales,Newpass0,214-800-4822,sales representative,cyber,"OU=Sales,OU=Cyber,DC=cyber,DC=local"
ron,R,cohen,rcohen,rcohen@cyber.com,2751 Liberty Street,Dallas,75203,TX,United States,Sales,Newpass0,214-800-4823,sales representative,cyber,"OU=Sales,OU=Cyber,DC=cyber,DC=local"
michelle,E,regev,mregev,mregev@cyber.com,2752 Liberty Street,Dallas,75204,TX,United States,Sales,Newpass0,214-800-4824,sales representative,cyber,"OU=Sales,OU=Cyber,DC=cyber,DC=local"
agustin,F,solo,asolo,asolo@cyber.com,2753 Liberty Street,Dallas,75204,TX,United States,Sales,Newpass0,214-800-4825,sales representative,cyber,"OU=Sales,OU=Cyber,DC=cyber,DC=local"
tony,N,vader,tvader,tvader@cyber.com,2754 Liberty Street,Dallas,75205,TX,United States,Sales,Newpass0,214-800-4826,sales representative,cyber,"OU=Sales,OU=Cyber,DC=cyber,DC=local"
hai,X,palet,hpalet,hpalet@cyber.com,2755 Liberty Street,Dallas,75205,TX,United States,Sales,Newpass0,214-800-4827,sales representative,cyber,"OU=Sales,OU=Cyber,DC=cyber,DC=local"
may,J,rosso,mrosso,mrosso@cyber.com,2756 Liberty Street,Dallas,75206,TX,United States,Sales,Newpass0,214-800-4828,sales representative,cyber,"OU=Sales,OU=Cyber,DC=cyber,DC=local"
roni,R,vespa,rvespa,rvespa@cyber.com,2757 Liberty Street,Dallas,75206,TX,United States,Sales,Newpass0,214-800-4829,sales representative,cyber,"OU=Sales,OU=Cyber,DC=cyber,DC=local"
OLIVIA,D,OLIVER,OOLIVER,ooliver@cyber.com,2758 Liberty Street,woshington,84235,DC,United States,management,Newpass0,214-800-4830,head of management,cyber,"OU=Management,OU=Cyber,DC=cyber,DC=local"
RUBY,G,THOMAS,RTHOMAS,rthomas@cyber.com,2759 Liberty Street,woshington,84236,DC,United States,management,Newpass0,214-800-4831,manager,cyber,"OU=Management,OU=Cyber,DC=cyber,DC=local"
EMILY,G,HARRY,EHARRY,eharry@cyber.com,2760 Liberty Street,woshington,84237,DC,United States,management,Newpass0,214-800-4832,manager,cyber,"OU=Management,OU=Cyber,DC=cyber,DC=local"
GRACE,S,JOSHUA,GJOSHUA,gjoshua@cyber.com,2761 Liberty Street,woshington,84238,DC,United States,management,Newpass0,214-800-4833,manager,cyber,"OU=Management,OU=Cyber,DC=cyber,DC=local"
JESSICA,V,ALFIE,JALFIE,jalfie@cyber.com,2762 Liberty Street,woshington,84239,DC,United States,management,Newpass0,214-800-4834,manager,cyber,"OU=Management,OU=Cyber,DC=cyber,DC=local"
CHLOE,H,CHARLIE,CCHARLIE,ccharlie@cyber.com,2763 Liberty Street,woshington,84240,DC,United States,management,Newpass0,214-800-4835,manager,cyber,"OU=Management,OU=Cyber,DC=cyber,DC=local"
SOPHIE,U,DANIEL,SDANIEL,sdaniel@cyber.com,2764 Liberty Street,woshington,84241,DC,United States,management,Newpass0,214-800-4836,manager,cyber,"OU=Management,OU=Cyber,DC=cyber,DC=local"
LILY,S,JAMES,LJAMES,ljames@cyber.com,2765 Liberty Street,woshington,84242,DC,United States,management,Newpass0,214-800-4837,manager,cyber,"OU=Management,OU=Cyber,DC=cyber,DC=local"
AMELIA,B,WILLIAM,AWILLIAM,awilliam@cyber.com,2766 Liberty Street,woshington,84243,DC,United States,management,Newpass0,214-800-4838,manager,cyber,"OU=Management,OU=Cyber,DC=cyber,DC=local"
EVIE,F,SAMUEL,ESAMUEL,esamuel@cyber.com,2767 Liberty Street,woshington,84244,DC,United States,management,Newpass0,214-800-4839,manager,cyber,"OU=Management,OU=Cyber,DC=cyber,DC=local"
MIA,S,GEORGE,MGEORGE,mgeorge@cyber.com,2768 Liberty Street,springfield,95235,IL,United States,DEV,Newpass0,214-800-4840,RnD,cyber,"OU=DEV,OU=Cyber,DC=cyber,DC=local"
ELLA,E,JOSEPH,EJOSEPH,ejoseph@cyber.com,2769 Liberty Street,springfield,95236,IL,United States,DEV,Newpass0,214-800-4841,RnD,cyber,"OU=DEV,OU=Cyber,DC=cyber,DC=local"
CHARLOTTE,H,LEWIS,CLEWIS,clewis@cyber.com,2770 Liberty Street,springfield,95237,IL,United States,DEV,Newpass0,214-800-4842,RnD,cyber,"OU=DEV,OU=Cyber,DC=cyber,DC=local"
LUCY,Y,ETHAN,LETHAN,lethan@cyber.com,2771 Liberty Street,springfield,95238,IL,United States,DEV,Newpass0,214-800-4843,RnD,cyber,"OU=DEV,OU=Cyber,DC=cyber,DC=local"
MEGAN,J,MOHAMMED,MMOHAMMED,mmohammed@cyber.com,2772 Liberty Street,springfield,95239,IL,United States,DEV,Newpass0,214-800-4844,RnD,cyber,"OU=DEV,OU=Cyber,DC=cyber,DC=local"
ELLIE,F,DYLAN,EDYLAN,edylan@cyber.com,2773 Liberty Street,springfield,95240,IL,United States,DEV,Newpass0,214-800-4845,RnD,cyber,"OU=DEV,OU=Cyber,DC=cyber,DC=local"
ISABELLE,V,BENJAMIN,IBENJAMIN,ibenjamin@cyber.com,2774 Liberty Street,springfield,95241,IL,United States,DEV,Newpass0,214-800-4846,RnD,cyber,"OU=DEV,OU=Cyber,DC=cyber,DC=local"
ISABELLA,M,ALEXANDER,IALEXANDER,ialexander@cyber.com,2775 Liberty Street,springfield,95242,IL,United States,DEV,Newpass0,214-800-4847,RnD,cyber,"OU=DEV,OU=Cyber,DC=cyber,DC=local"
HANNAH,U,JACOB,HJACOB,hjacob@cyber.com,2776 Liberty Street,springfield,95243,IL,United States,DEV,Newpass0,214-800-4848,RnD,cyber,"OU=DEV,OU=Cyber,DC=cyber,DC=local"
KATIE,Q,RYAN,KRYAN,kryan@cyber.com,2777 Liberty Street,springfield,95244,IL,United States,DEV,Newpass0,214-800-4849,RnD,cyber,"OU=DEV,OU=Cyber,DC=cyber,DC=local"
AVA,Z,LIAM,ALIAM,aliam@cyber.com,2778 Liberty Street,troy,35895,NY,United States,IT,Newpass0,214-800-4850,Help Desk,cyber,"OU=IT,OU=Cyber,DC=cyber,DC=local"
HOLLY,G,JAKE,HJAKE,hjake@cyber.com,2779 Liberty Street,troy,35896,NY,United States,IT,Newpass0,214-800-4851,Help Desk,cyber,"OU=IT,OU=Cyber,DC=cyber,DC=local"
SUMMER,J,MAX,SMAX,smax@cyber.com,2780 Liberty Street,troy,35897,NY,United States,IT,Newpass0,214-800-4852,Help Desk,cyber,"OU=IT,OU=Cyber,DC=cyber,DC=local"
MILLIE,K,LUKE,MLUKE,mluke@cyber.com,2781 Liberty Street,troy,35898,NY,United States,IT,Newpass0,214-800-4853,Help Desk,cyber,"OU=IT,OU=Cyber,DC=cyber,DC=local"
DAISY,L,TYLER,DTYLER,dtyler@cyber.com,2782 Liberty Street,troy,35899,NY,United States,IT,Newpass0,214-800-4854,Help Desk,cyber,"OU=IT,OU=Cyber,DC=cyber,DC=local"
PHOEBE,I,CALLUM,PCALLUM,pcallum@cyber.com,2783 Liberty Street,troy,35900,NY,United States,IT,Newpass0,214-800-4855,Help Desk,cyber,"OU=IT,OU=Cyber,DC=cyber,DC=local"
FREYA,Y,MATTHEW,FMATTHEW,fmatthew@cyber.com,2784 Liberty Street,troy,35901,NY,United States,IT,Newpass0,214-800-4856,Help Desk,cyber,"OU=IT,OU=Cyber,DC=cyber,DC=local"
ABIGAIL,H,JAYDEN,AJAYDEN,ajayden@cyber.com,2785 Liberty Street,troy,35902,NY,United States,IT,Newpass0,214-800-4857,Help Desk,cyber,"OU=IT,OU=Cyber,DC=cyber,DC=local"
POPPY,J,OSCAR,POSCAR,poscar@cyber.com,2786 Liberty Street,troy,35903,NY,United States,IT,Newpass0,214-800-4858,Help Desk,cyber,"OU=IT,OU=Cyber,DC=cyber,DC=local"
ERIN,K,ARCHIE,EARCHIE,earchie@cyber.com,2787 Liberty Street,troy,35904,NY,United States,IT,Newpass0,214-800-4859,Help Desk,cyber,"OU=IT,OU=Cyber,DC=cyber,DC=local"
EMMA,H,ADAM,EADAM,eadam@cyber.com,2788 Liberty Street,troy,35905,NY,United States,IT,Newpass0,214-800-4860,Help Desk,cyber,"OU=IT,OU=Cyber,DC=cyber,DC=local"
MOLLY,G,RILEY,MRILEY,mriley@cyber.com,2789 Liberty Street,troy,35906,NY,United States,IT,Newpass0,214-800-4861,Help Desk,cyber,"OU=IT,OU=Cyber,DC=cyber,DC=local"
IMOGEN,F,HARVEY,IHARVEY,iharvey@cyber.com,2790 Liberty Street,troy,35907,NY,United States,IT,Newpass0,214-800-4862,Help Desk,cyber,"OU=IT,OU=Cyber,DC=cyber,DC=local"
AMY,B,HARRISON,AHARRISON,aharrison@cyber.com,2791 Liberty Street,troy,35908,NY,United States,IT,Newpass0,214-800-4863,Help Desk,cyber,"OU=IT,OU=Cyber,DC=cyber,DC=local"
JASMINE,M,LUCAS,JLUCAS,jlucas@cyber.com,2792 Liberty Street,troy,35909,NY,United States,IT,Newpass0,214-800-4864,Help Desk,cyber,"OU=IT,OU=Cyber,DC=cyber,DC=local"
ISLA,K,MUHAMMAD,IMUHAMMAD,imuhammad@cyber.com,2793 Liberty Street,troy,35910,NY,United States,IT,Newpass0,214-800-4865,Help Desk,cyber,"OU=IT,OU=Cyber,DC=cyber,DC=local"
SCARLETT,I,HENRY,SHENRY,shenry@cyber.com,2794 Liberty Street,troy,35911,NY,United States,IT,Newpass0,214-800-4866,Help Desk,cyber,"OU=IT,OU=Cyber,DC=cyber,DC=local"
LEAH,H,ISAAC,LISAAC,lisaac@cyber.com,2795 Liberty Street,troy,35912,NY,United States,IT,Newpass0,214-800-4867,Help Desk,cyber,"OU=IT,OU=Cyber,DC=cyber,DC=local"
SOPHIA,G,LEO,SLEO,sleo@cyber.com,2796 Liberty Street,troy,35913,NY,United States,IT,Newpass0,214-800-4868,Help Desk,cyber,"OU=IT,OU=Cyber,DC=cyber,DC=local"
ELIZABETH,F,CONNOR,ECONNOR,econnor@cyber.com,2797 Liberty Street,troy,35914,NY,United States,IT,Newpass0,214-800-4869,Help Desk,cyber,"OU=IT,OU=Cyber,DC=cyber,DC=local"
EVA,G,EDWARD,EEDWARD,eedward@cyber.com,2798 Liberty Street,troy,35915,NY,United States,IT,Newpass0,214-800-4870,Help Desk,cyber,"OU=IT,OU=Cyber,DC=cyber,DC=local"
BROOKE,J,FINLEY,BFINLEY,bfinley@cyber.com,2799 Liberty Street,troy,35916,NY,United States,IT,Newpass0,214-800-4871,Help Desk,cyber,"OU=IT,OU=Cyber,DC=cyber,DC=local"
MATILDA,L,LOGAN,MLOGAN,mlogan@cyber.com,2800 Liberty Street,troy,35917,NY,United States,IT,Newpass0,214-800-4872,Help Desk,cyber,"OU=IT,OU=Cyber,DC=cyber,DC=local"
CAITLIN,P,NOAH,CNOAH,cnoah@cyber.com,2801 Liberty Street,troy,35918,NY,United States,IT,Newpass0,214-800-4873,Help Desk,cyber,"OU=IT,OU=Cyber,DC=cyber,DC=local"
KEIRA,M,CAMERON,KCAMERON,kcameron@cyber.com,2802 Liberty Street,troy,35919,NY,United States,IT,Newpass0,214-800-4874,Help Desk,cyber,"OU=IT,OU=Cyber,DC=cyber,DC=local"
ALICE,N,ALEX,AALEX,aalex@cyber.com,2803 Liberty Street,troy,35920,NY,United States,IT,Newpass0,214-800-4875,Help Desk,cyber,"OU=IT,OU=Cyber,DC=cyber,DC=local"
LOLA,V,OWEN,LOWEN,lowen@cyber.com,2804 Liberty Street,troy,35921,NY,United States,IT,Newpass0,214-800-4876,Help Desk,cyber,"OU=IT,OU=Cyber,DC=cyber,DC=local"
LILLY,F,RHYS,LRHYS,lrhys@cyber.com,2805 Liberty Street,troy,35922,NY,United States,IT,Newpass0,214-800-4877,Help Desk,cyber,"OU=IT,OU=Cyber,DC=cyber,DC=local"
AMBER,R,NATHAN,ANATHAN,anathan@cyber.com,2806 Liberty Street,troy,35923,NY,United States,IT,Newpass0,214-800-4878,Help Desk,cyber,"OU=IT,OU=Cyber,DC=cyber,DC=local"
ISABEL,D,JAMIE,IJAMIE,ijamie@cyber.com,2807 Liberty Street,troy,35924,NY,United States,IT,Newpass0,214-800-4879,Help Desk,cyber,"OU=IT,OU=Cyber,DC=cyber,DC=local"
LAUREN,V,MICHAEL,LMICHAEL,lmichael@cyber.com,2808 Liberty Street,troy,35925,NY,United States,IT,Newpass0,214-800-4880,Help Desk,cyber,"OU=IT,OU=Cyber,DC=cyber,DC=local"
GEORGIA,N,MASON,GMASON,gmason@cyber.com,2809 Liberty Street,troy,35926,NY,United States,IT,Newpass0,214-800-4881,Help Desk,cyber,"OU=IT,OU=Cyber,DC=cyber,DC=local"
GRACIE,J,TOBY,GTOBY,gtoby@cyber.com,2810 Liberty Street,troy,35927,NY,United States,IT,Newpass0,214-800-4882,Help Desk,cyber,"OU=IT,OU=Cyber,DC=cyber,DC=local"
ELEANOR,U,AARON,EAARON,eaaron@cyber.com,2811 Liberty Street,troy,35928,NY,United States,IT,Newpass0,214-800-4883,Help Desk,cyber,"OU=IT,OU=Cyber,DC=cyber,DC=local"
BETHANY,E,CHARLES,BCHARLES,bcharles@cyber.com,2812 Liberty Street,troy,35929,NY,United States,IT,Newpass0,214-800-4884,Help Desk,cyber,"OU=IT,OU=Cyber,DC=cyber,DC=local"
MADISON,R,BEN,MBEN,mben@cyber.com,2813 Liberty Street,troy,35930,NY,United States,IT,Newpass0,214-800-4885,Help Desk,cyber,"OU=IT,OU=Cyber,DC=cyber,DC=local"
AMELIE,V,THEO,ATHEO,atheo@cyber.com,2814 Liberty Street,troy,35931,NY,United States,IT,Newpass0,214-800-4886,Help Desk,cyber,"OU=IT,OU=Cyber,DC=cyber,DC=local"
ISOBEL,G,LOUIS,ILOUIS,ilouis@cyber.com,2815 Liberty Street,troy,35932,NY,United States,IT,Newpass0,214-800-4887,Help Desk,cyber,"OU=IT,OU=Cyber,DC=cyber,DC=local"
PAIGE,H,FREDDIE,PFREDDIE,pfreddie@cyber.com,2816 Liberty Street,troy,35933,NY,United States,IT,Newpass0,214-800-4888,Help Desk,cyber,"OU=IT,OU=Cyber,DC=cyber,DC=local"
LACEY,B,FINLAY,LFINLAY,lfinlay@cyber.com,2817 Liberty Street,troy,35934,NY,United States,IT,Newpass0,214-800-4889,Help Desk,cyber,"OU=IT,OU=Cyber,DC=cyber,DC=local"
SIENNA,F,LEON,SLEON,sleon@cyber.com,2818 Liberty Street,troy,35935,NY,United States,IT,Newpass0,214-800-4890,Help Desk,cyber,"OU=IT,OU=Cyber,DC=cyber,DC=local"
LIBBY,D,HARLEY,LHARLEY,lharley@cyber.com,2819 Liberty Street,troy,35936,NY,United States,IT,Newpass0,214-800-4891,Help Desk,cyber,"OU=IT,OU=Cyber,DC=cyber,DC=local"
MAISIE,R,DAVID,MDAVID,mdavid@cyber.com,2820 Liberty Street,troy,35937,NY,United States,IT,Newpass0,214-800-4892,Help Desk,cyber,"OU=IT,OU=Cyber,DC=cyber,DC=local"
ANNA,Y,MOHAMMAD,AMOHAMMAD,amohammad@cyber.com,2821 Liberty Street,troy,35938,NY,United States,IT,Newpass0,214-800-4893,Help Desk,cyber,"OU=IT,OU=Cyber,DC=cyber,DC=local"
REBECCA,U,REECE,RREECE,rreece@cyber.com,2822 Liberty Street,troy,35939,NY,United States,IT,Newpass0,214-800-4894,Help Desk,cyber,"OU=IT,OU=Cyber,DC=cyber,DC=local"
ROSIE,I,KIAN,RKIAN,rkian@cyber.com,2823 Liberty Street,troy,35940,NY,United States,IT,Newpass0,214-800-4895,Help Desk,cyber,"OU=IT,OU=Cyber,DC=cyber,DC=local"
TIA,M,KAI,TKAI,tkai@cyber.com,2824 Liberty Street,troy,35941,NY,United States,IT,Newpass0,214-800-4896,Help Desk,cyber,"OU=IT,OU=Cyber,DC=cyber,DC=local"
LAYLA,N,KYLE,LKYLE,lkyle@cyber.com,2825 Liberty Street,troy,35942,NY,United States,IT,Newpass0,214-800-4897,Help Desk,cyber,"OU=IT,OU=Cyber,DC=cyber,DC=local"
MAYA,B,BRANDON,MBRANDON,mbrandon@cyber.com,2826 Liberty Street,troy,35943,NY,United States,IT,Newpass0,214-800-4898,Help Desk,cyber,"OU=IT,OU=Cyber,DC=cyber,DC=local"
NIAMH,V,HAYDEN,NHAYDEN,nhayden@cyber.com,2827 Liberty Street,troy,35944,NY,United States,IT,Newpass0,214-800-4899,Help Desk,cyber,"OU=IT,OU=Cyber,DC=cyber,DC=local"
ZARA,F,ZACHARY,ZZACHARY,zzachary@cyber.com,2828 Liberty Street,troy,35945,NY,United States,IT,Newpass0,214-800-4900,Help Desk,cyber,"OU=IT,OU=Cyber,DC=cyber,DC=local"
SARAH,G,KIERAN,SKIERAN,skieran@cyber.com,2829 Liberty Street,troy,35946,NY,United States,IT,Newpass0,214-800-4901,Help Desk,cyber,"OU=IT,OU=Cyber,DC=cyber,DC=local"
LEXI,H,LUCA,LLUCA,lluca@cyber.com,2830 Liberty Street,troy,35947,NY,United States,IT,Newpass0,214-800-4902,Help Desk,cyber,"OU=IT,OU=Cyber,DC=cyber,DC=local"
MADDISON,J,ASHTON,MASHTON,mashton@cyber.com,2831 Liberty Street,troy,35948,NY,United States,IT,Newpass0,214-800-4903,Help Desk,cyber,"OU=IT,OU=Cyber,DC=cyber,DC=local"
ALISHA,G,BAILEY,ABAILEY,abailey@cyber.com,2832 Liberty Street,troy,35949,NY,United States,IT,Newpass0,214-800-4904,Help Desk,cyber,"OU=IT,OU=Cyber,DC=cyber,DC=local"
SOFIA,T,SEBASTIAN,SSEBASTIAN,ssebastian@cyber.com,2833 Liberty Street,troy,35950,NY,United States,IT,Newpass0,214-800-4905,Help Desk,cyber,"OU=IT,OU=Cyber,DC=cyber,DC=local"
SKYE,Y,GABRIEL,SGABRIEL,sgabriel@cyber.com,2834 Liberty Street,troy,35951,NY,United States,IT,Newpass0,214-800-4906,Help Desk,cyber,"OU=IT,OU=Cyber,DC=cyber,DC=local"
NICOLE,F,SAM,NSAM,nsam@cyber.com,2835 Liberty Street,troy,35952,NY,United States,IT,Newpass0,214-800-4907,Help Desk,cyber,"OU=IT,OU=Cyber,DC=cyber,DC=local"
LEXIE,B,EVAN,LEVAN,levan@cyber.com,2836 Liberty Street,troy,35953,NY,United States,IT,Newpass0,214-800-4908,Help Desk,cyber,"OU=IT,OU=Cyber,DC=cyber,DC=local"
FAITH,V,BRADLEY,FBRADLEY,fbradley@cyber.com,2837 Liberty Street,troy,35954,NY,United States,IT,Newpass0,214-800-4909,Help Desk,cyber,"OU=IT,OU=Cyber,DC=cyber,DC=local"
MARTHA,F,ELLIOT,MELLIOT,melliot@cyber.com,2838 Liberty Street,troy,35955,NY,United States,IT,Newpass0,214-800-4910,Help Desk,cyber,"OU=IT,OU=Cyber,DC=cyber,DC=local"
HARRIET,D,JOHN,HJOHN,hjohn@cyber.com,2839 Liberty Street,troy,35956,NY,United States,IT,Newpass0,214-800-4911,Help Desk,cyber,"OU=IT,OU=Cyber,DC=cyber,DC=local"
ZOE,B,TAYLOR,ZTAYLOR,ztaylor@cyber.com,2840 Liberty Street,troy,35957,NY,United States,IT,Newpass0,214-800-4912,Help Desk,cyber,"OU=IT,OU=Cyber,DC=cyber,DC=local"
EVE,M,JOE,EJOE,ejoe@cyber.com,2841 Liberty Street,troy,35958,NY,United States,IT,Newpass0,214-800-4913,Help Desk,cyber,"OU=IT,OU=Cyber,DC=cyber,DC=local"
JULIA,K,COREY,JCOREY,jcorey@cyber.com,2842 Liberty Street,troy,35959,NY,United States,IT,Newpass0,214-800-4914,Help Desk,cyber,"OU=IT,OU=Cyber,DC=cyber,DC=local"
AIMEE,I,REUBEN,AREUBEN,areuben@cyber.com,2843 Liberty Street,troy,35960,NY,United States,IT,Newpass0,214-800-4915,Help Desk,cyber,"OU=IT,OU=Cyber,DC=cyber,DC=local"
HOLLIE,H,JOEL,HJOEL,hjoel@cyber.com,2844 Liberty Street,san diego,12587,CL,United States,accounting,Newpass0,214-800-4916,accountant,cyber,"OU=accounting,OU=Cyber,DC=cyber,DC=local"
LYDIA,G,ROBERT,LROBERT,lrobert@cyber.com,2845 Liberty Street,san diego,12588,CL,United States,accounting,Newpass0,214-800-4917,accountant,cyber,"OU=accounting,OU=Cyber,DC=cyber,DC=local"
EVELYN,F,ELLIS,EELLIS,eellis@cyber.com,2846 Liberty Street,san diego,12589,CL,United States,accounting,Newpass0,214-800-4918,accountant,cyber,"OU=accounting,OU=Cyber,DC=cyber,DC=local"
ALEXANDRA,,BLAKE,ABLAKE,ablake@cyber.com,2847 Liberty Street,san diego,12590,CL,United States,accounting,Newpass0,214-800-4919,accountant,cyber,"OU=accounting,OU=Cyber,DC=cyber,DC=local"
MARIA,,AIDAN,MAIDAN,maidan@cyber.com,2848 Liberty Street,san diego,12591,CL,United States,accounting,Newpass0,214-800-4920,accountant,cyber,"OU=accounting,OU=Cyber,DC=cyber,DC=local"
FRANCESCA,,LOUIE,FLOUIE,flouie@cyber.com,2849 Liberty Street,san diego,12592,CL,United States,accounting,Newpass0,214-800-4921,accountant,cyber,"OU=accounting,OU=Cyber,DC=cyber,DC=local"
TILLY,,CHRISTOPHER,TCHRISTOPHER,tchristopher@cyber.com,2850 Liberty Street,san diego,12593,CL,United States,accounting,Newpass0,214-800-4922,accountant,cyber,"OU=accounting,OU=Cyber,DC=cyber,DC=local"
FLORENCE,,EWAN,FEWAN,fewan@cyber.com,2851 Liberty Street,san diego,12594,CL,United States,accounting,Newpass0,214-800-4923,accountant,cyber,"OU=accounting,OU=Cyber,DC=cyber,DC=local"
ALICIA,,JAY,AJAY,ajay@cyber.com,2852 Liberty Street,san diego,12595,CL,United States,accounting,Newpass0,214-800-4924,accountant,cyber,"OU=accounting,OU=Cyber,DC=cyber,DC=local"
ABBIE,,MORGAN,AMORGAN,amorgan@cyber.com,2853 Liberty Street,san diego,12596,CL,United States,accounting,Newpass0,214-800-4925,accountant,cyber,"OU=accounting,OU=Cyber,DC=cyber,DC=local"
EMILIA,,BILLY,EBILLY,ebilly@cyber.com,2854 Liberty Street,san diego,12597,CL,United States,accounting,Newpass0,214-800-4926,accountant,cyber,"OU=accounting,OU=Cyber,DC=cyber,DC=local"
COURTNEY,,SEAN,CSEAN,csean@cyber.com,2855 Liberty Street,san diego,12598,CL,United States,accounting,Newpass0,214-800-4927,accountant,cyber,"OU=accounting,OU=Cyber,DC=cyber,DC=local"
MARYAM,,ZAK,MZAK,mzak@cyber.com,2856 Liberty Street,san diego,12599,CL,United States,accounting,Newpass0,214-800-4928,accountant,cyber,"OU=accounting,OU=Cyber,DC=cyber,DC=local"
,,,,,,,,,,,,,,,
,,,,,,,,,,,,,,,
,,,,,,,,,,,,,,,
,,,,,,,,,,,,,,,
,,,,,,,,,,,,,,,
,,,,,,,,,,,,,,,
,,,,,,,,,,,,,,,
,,,,,,,,,,,,,,,
,,,,,,,,,,,,,,,
,,,,,,,,,,,,,,,
